team_abbrev,team_name
ARI,Cardinals
ATL,Falcons
BAL,Ravens
BUF,Bills
CAR,Panthers
CHI,Bears
CIN,Bengals
CLE,Browns
DAL,Cowboys
DEN,Broncos
DET,Lions
GB,Packers
HOU,Texans
IND,Colts
JAX,Jaguars
KC,Chiefs
LV,Raiders
LAC,Chargers
LAR,Rams
MIA,Dolphins
MIN,Vikings
NE,Patriots
NO,Saints
NYG,Giants
NYJ,Jets
PHI,Eagles
PIT,Steelers
SF,49ers
SEA,Seattle Seahawks
TB,Buccaneers
TEN,Titans
WAS,Commanders